<?xml version="1.0" encoding="UTF-8"?>
<description xmlns="http://openoffice.org/extensions/description/2006" xmlns:d="http://openoffice.org/extensions/description/2006"  xmlns:xlink="http://www.w3.org/1999/xlink">
    <version value="2019.10.17" />
    <identifier value="Maltese.dictionary.from.aspell.linux.org.mt" />
    <display-name>
        <name lang="en-US">Maltese spelling dictionary</name>
        <name lang="en-GB">Maltese spelling dictionary</name>
	      <name lang="mt-MT">Dizzjunarju Malti</name>
    </display-name>
    <platform value="all" />
    <dependencies>
        <OpenOffice.org-minimal-version value="3.2" d:name="OpenOffice.org 3.2" />
    </dependencies>
    <icon>
        <default xlink:href="icon.png" />
    </icon>
    <publisher>
        <name xlink:href="http://linux.org.mt/" lang="en-US">Malta Linux User Group</name>
     </publisher>
</description>
